epoch,accuracy,learning_rate,loss,val_accuracy,val_loss
0,0.4451211094856262,9.999999747378752e-05,1.7785104513168335,0.16144655644893646,5.775839805603027
1,0.592941164970398,9.999999747378752e-05,1.241909146308899,0.21762996912002563,5.039666652679443
2,0.6580622792243958,9.999999747378752e-05,1.037994146347046,0.143687441945076,6.403485298156738
3,0.6930103898048401,9.999999747378752e-05,0.9229459166526794,0.10655473172664642,6.52688455581665
4,0.727820098400116,9.999999747378752e-05,0.8202483057975769,0.08944139629602432,7.0369768142700195
