{
  "accuracy": [
    0.4451211094856262,
    0.592941164970398,
    0.6580622792243958,
    0.6930103898048401,
    0.727820098400116
  ],
  "loss": [
    1.7785104513168335,
    1.241909146308899,
    1.037994146347046,
    0.9229459166526794,
    0.8202483057975769
  ],
  "val_accuracy": [
    0.16144655644893646,
    0.21762996912002563,
    0.143687441945076,
    0.10655473172664642,
    0.08944139629602432
  ],
  "val_loss": [
    5.775839805603027,
    5.039666652679443,
    6.403485298156738,
    6.52688455581665,
    7.0369768142700195
  ],
  "learning_rate": [
    9.999999747378752e-05,
    9.999999747378752e-05,
    9.999999747378752e-05,
    9.999999747378752e-05,
    9.999999747378752e-05
  ]
}