epoch,accuracy,learning_rate,loss,val_accuracy,val_loss
0,0.25,9.999999747378752e-05,1.1223711967468262,0.0,0.7158639430999756
1,0.5,9.999999747378752e-05,0.9254516363143921,0.0,0.7140647768974304
2,1.0,9.999999747378752e-05,0.2542760968208313,0.0,0.7296751141548157
3,1.0,9.999999747378752e-05,0.1620238572359085,0.0,0.746985912322998
4,0.5,9.999999747378752e-05,0.6600090265274048,0.0,0.7625463008880615
