{
  "accuracy": [
    0.25,
    0.5,
    1.0,
    1.0,
    0.5
  ],
  "loss": [
    1.1223711967468262,
    0.9254516363143921,
    0.2542760968208313,
    0.1620238572359085,
    0.6600090265274048
  ],
  "val_accuracy": [
    0.0,
    0.0,
    0.0,
    0.0,
    0.0
  ],
  "val_loss": [
    0.7158639430999756,
    0.7140647768974304,
    0.7296751141548157,
    0.746985912322998,
    0.7625463008880615
  ],
  "learning_rate": [
    9.999999747378752e-05,
    9.999999747378752e-05,
    9.999999747378752e-05,
    9.999999747378752e-05,
    9.999999747378752e-05
  ]
}