{
  "accuracy": [
    0.07628361880779266,
    0.11687041819095612,
    0.13398532569408417,
    0.1369193196296692,
    0.13985329866409302,
    0.15256723761558533,
    0.1726161390542984,
    0.1711491495370865,
    0.17408312857151031,
    0.18728606402873993,
    0.19315403699874878,
    0.18973104655742645,
    0.19853301346302032,
    0.19902200996875763,
    0.20097799599170685
  ],
  "loss": [
    3.642300844192505,
    3.3701038360595703,
    3.2414491176605225,
    3.203054189682007,
    3.1696128845214844,
    3.1202943325042725,
    3.045862913131714,
    3.021397829055786,
    2.97050404548645,
    2.9801406860351562,
    2.8990671634674072,
    2.920790433883667,
    2.8845083713531494,
    2.824868679046631,
    2.7976701259613037
  ],
  "val_accuracy": [
    0.06392694264650345,
    0.06392694264650345,
    0.06392694264650345,
    0.06392694264650345,
    0.06392694264650345,
    0.07305935770273209,
    0.07990867644548416,
    0.09817351400852203,
    0.08219178020954132,
    0.08675798773765564,
    0.08675798773765564,
    0.09360730648040771,
    0.0890410989522934,
    0.09132420271635056,
    0.0890410989522934
  ],
  "val_loss": [
    3.3057072162628174,
    3.3134355545043945,
    3.4279112815856934,
    3.6066248416900635,
    3.7991220951080322,
    3.8916923999786377,
    3.99341082572937,
    4.018869876861572,
    3.9795355796813965,
    3.7283873558044434,
    3.810394048690796,
    3.818227767944336,
    3.9479310512542725,
    4.076817989349365,
    4.146321773529053
  ],
  "learning_rate": [
    9.999999747378752e-05,
    9.999999747378752e-05,
    9.999999747378752e-05,
    9.999999747378752e-05,
    9.999999747378752e-05,
    9.999999747378752e-05,
    9.999999747378752e-05,
    9.999999747378752e-05,
    9.999999747378752e-05,
    9.999999747378752e-05,
    9.999999747378752e-05,
    9.999999747378752e-05,
    9.999999747378752e-05,
    4.999999873689376e-05,
    4.999999873689376e-05
  ]
}